## RECSRecommendations Upload File ,,,,,,,,,,,,,,,,,,,,,,,,,,,,,
## RECS''## RECS'' indicates a Recommendations pre-process header. Please do not remove these lines. ,,,,,,,,,,,,,,,,,,,,,,,,,,,,,
## RECS ,,,,,,,,,,,,,,,,,,,,,,,,,,,,,
## RECSUse this file to upload product display information to Recommendations. Each product has its own row. Each line must contain 19 values and if not all are filled a space should be left. ,,,,,,,,,,,,,,,,,,,,,,,,,,,,,
## RECSThe last 100 columns (entity.custom1 - entity.custom100) are custom. The name 'customN' can be replaced with a custom name such as 'onSale' or 'brand'. ,,,,,,,,,,,,,,,,,,,,,,,,,,,,,
## RECSIf the products already exist in Recommendations then changes uploaded here will override the data in Recommendations. Any new attributes entered here will be added to the product''s entry in Recommendations. ,,,,,,,,,,,,,,,,,,,,,,,,,,,,,
## RECSentity.id,entity.name,entity.categoryId,entity.message,entity.thumbnailUrl,entity.value,entity.pageUrl,entity.inventory,entity.margin,entity.ib-display,entity.ib-pill,entity.ib-info-url,entity.ib-info-url-inelig,entity.ib-info-name,entity.ib-apply-url,entity.ib-apply-url-inelig,entity.ib-apply-name,entity.ib-message,entity.ib-img-url,entity.ib-eligibleclasslist,entity.basite-message,entity.basite-pageUrl,entity.basite-imgUrl,entity.basite-imgPath,entity.ccsite-message,entity.ccsite-cta,entity.ccsite-pageUrl,entity.ccsite-imgUrl,entity.ccsite-imgPath,entity.sitearea-display
test-1,ANZ Platinum credit card,,,,,https://www.anz.com.au/personal/credit-cards/low-annual-fee/platinum/,,,y,NEW CREDIT CARD OFFER,https://www.anz.com.au/personal/credit-cards/low-annual-fee/platinum/?pid=crc-ibrec-t-ibpao-12-24-acq-lfplatoffer,,See ANZ Platinum,&,,&,"Enjoy $100 back to your new ANZ Platinum card when you spend $2,000 on eligible purchases in the first 3 months from approval. T&Cs, eligibility criteria, fees and charges apply (including an annual fee, $0 for the first year, currently $87 thereafter).",https://anz.com.au/content/dam/anzcomau/images/credit-cards/ib-promo-tiles/po-lower/anz-platinum-white-bgd-ib-promo-tile.jpg,"[""R1CNE"",""R1SBE"",""RAGE"",""BASE"",""B2SIGN"",""B2SUSI"",""B2OPER"",""CSO"",""r1cne"",""r1sbe"",""rage"",""base"",""b2sign"",""b2susi"",""b2oper"",""cso""]",,,,,,,,,,
test-2,ANZ Low Rate credit card,,,,,https://www.anz.com.au/personal/credit-cards/low-interest-rate/low-rate-card/,,,y,NEW CREDIT CARD OFFER,https://www.anz.com.au/personal/credit-cards/low-interest-rate/low-rate-card/?pid=crc-ibrec-t-ibpao-12-24-acq-lowrateoffer,,See ANZ Low Rate,&,,&,"3% balance transfer fee + $0 annual fee in the first year. 30-month promotional period starts when we issue a Letter of Offer, not when the Balance Transfer is processed (usually 3-15 business days after card activation). Rate reverts to standard BT rate at the end of the promotional period, currently 21.99% p.a. T&Cs, eligibility criteria, fees and charges apply (including an annual fee, $0 for the first year, currently $58 thereafter).",https://anz.com.au/content/dam/anzcomau/images/credit-cards/ib-promo-tiles/po-lower/anz-low-rate-white-bgd-ib-promo-tile.jpg,"[""R1CNE"",""R1SBE"",""r1cne"",""r1sbe""]",,,,,,,,,,
test-3,ANZ Rewards Platinum credit card,,,,,https://www.anz.com.au/personal/credit-cards/rewards-platinum/,,,y,NEW CREDIT CARD OFFER,https://www.anz.com.au/personal/credit-cards/rewards-platinum/?pid=crc-ibrec-t-ibpao-11-24-acq-rwplatlearnmore,,Learn more,&,,&,"Earn 100,000 extra ANZ Rewards Points and $50 back to your new card when you spend $2,000 on eligible purchases in the first 3 months from approval. New Rewards card. T&Cs, eligibility criteria, fees & charges apply (including annual fee, currently $149).",https://anz.com.au/content/dam/anzcomau/images/credit-cards/ib-promo-tiles/po-lower/anz-rewards-platinum-white-bgd-ib-promo-tile.jpg,"[""R1CNE"",""R1SBE"",""RAGE"",""BASE"",""B2SIGN"",""B2SUSI"",""B2OPER"",""CSO"",""r1cne"",""r1sbe"",""rage"",""base"",""b2sign"",""b2susi"",""b2oper"",""cso""]",,,,,,,,,,
cc-ff-blk,ANZ Frequent Flyer Black credit card,,,,,https://www.anz.com.au/personal/credit-cards/frequent-flyer/black/,,,y,NEW CREDIT CARD OFFER,https://www.anz.com.au/personal/credit-cards/frequent-flyer/black/?pid=crc-ibrec-t-ibpao-03-24-acq-anzffblacklearnmore,,Learn more,&,,&,"Earn up to 130,000 bonus Qantas Points. Get 90,000 bonus Qantas Points + $200 back to your new ANZ Frequent Flyer Black credit card when you spend $5,000 on eligible purchases in the first 3 months from approval. Plus, earn an additional 40,000 bonus Qantas Points when you keep your card for over 12 months. T&Cs, eligibility criteria, fees and charges apply (including an annual fee, currently $425).",https://anz.com.au/content/dam/anzcomau/images/credit-cards/ib-promo-tiles/po-lower/anz-frequent-flyer-black-white-bgd-ib-promo-tile.jpg,"[""R1CNE"",""R1SBE"",""RAGE"",""BASE"",""B2SIGN"",""B2SUSI"",""B2OPER"",""CSO"",""r1cne"",""r1sbe"",""rage"",""base"",""b2sign"",""b2susi"",""b2oper"",""cso""]",,,,,"Our most rewarding Qantas experience with uncapped Qantas Points earning, Qantas Club privileges, access to exclusive events and travel benefits. Credit criteria and T&Cs apply.","Discover the ANZ Frequent Flyer Black card<span style=""white-space: nowrap;"">",https://www.anz.com.au/personal/credit-cards/frequent-flyer/black/?pid=crc-prodrec-t-percc-05-21-acq-anzffb,https://www.anz.com.au/content/anzcomau/en/target/recommendations/cc-card-images/frequent-flyer-black/_jcr_content/anz_default_par/columns/anz_default_par1/textimage/image.img.full.high.jpg/1620968903260.jpg,https://www.anz.com.au/content/anzcomau/en/target/recommendations/cc-card-images/frequent-flyer-black/_jcr_content/anz_default_par/columns/anz_default_par1/textimage/,y
cc-lir-lr,ANZ Low Rate credit card,,,,,https://www.anz.com.au/personal/credit-cards/low-interest-rate/low-rate-card/,,,y,NEW CREDIT CARD OFFER,https://www.anz.com.au/personal/credit-cards/low-interest-rate/low-rate-card/?pid=crc-ibrec-t-ibpao-12-24-acq-lowrateoffer,,See ANZ Low Rate,&,,&,"3% balance transfer fee + $0 annual fee in the first year. 30-month promotional period starts when we issue a Letter of Offer, not when the Balance Transfer is processed (usually 3-15 business days after card activation). Rate reverts to standard BT rate at the end of the promotional period, currently 21.99% p.a. T&Cs, eligibility criteria, fees and charges apply (including an annual fee, $0 for the first year, currently $58 thereafter).",https://anz.com.au/content/dam/anzcomau/images/credit-cards/ib-promo-tiles/po-lower/anz-low-rate-white-bgd-ib-promo-tile.jpg,"[""R1CNE"",""R1SBE"",""r1cne"",""r1sbe""]",,,,,"Our lowest interest rate on purchases, and comes with the same security features and convenience that other ANZ credit cards offer. Credit criteria and T&Cs apply.","Discover the ANZ Low Rate card<span style=""white-space: nowrap;"">",https://www.anz.com.au/personal/credit-cards/low-interest-rate/low-rate-card/?pid=crc-prodrec-t-percc-05-21-acq-anzlowrate,https://www.anz.com.au/content/anzcomau/en/target/recommendations/cc-card-images/low-rate/_jcr_content/anz_default_par/columns/anz_default_par1/textimage/image.img.full.high.jpg/1620969250387.jpg,https://www.anz.com.au/content/anzcomau/en/target/recommendations/cc-card-images/low-rate/_jcr_content/anz_default_par/columns/anz_default_par1/textimage/,y
dda-ed,ANZ Online Saver,,,,,https://www.anz.com.au/personal/bank-accounts/savings-accounts/online-saver/,,,y,FEATURED PRODUCT,#/generic-offers?name=ANZOnlineSaverLanding&pid=sav-ibrec-t-ibpao-03-21-acq-onlinesaverlearnmore&sid=po,https://www.anz.com.au/personal/bank-accounts/savings-accounts/online-saver/?pid=sav-ibrec-t-ibpao-03-21-acq-onlinesaverlearnmore,Learn more,#/online-saver?pid=sav-ibrec-t-ibpao-03-21-acq-onlinesaverapply&sid=po,https://applyonline.anz.com/dsr-dep/deposits/apply?pid=sav-ibrec-t-ibpao-03-21-acq-onlinesaverapply&apptype=OS&sourcecode_1=QKB,Apply now,Enjoy the flexibility to access your savings anytime online via your linked account while still being rewarded with interest.,https://www.anz.com.au/content/dam/anzcomau/images/bank-accounts/ib-products-offers/ib-bottom-couple-calculating-kitchen-promo-tile.jpg,"[""R1CNE"",""R1SBE"",""r1cne"",""r1sbe""]",Enjoy the flexibility to access your savings anytime online via your linked account while still being rewarded with interest.,https://www.anz.com.au/personal/bank-accounts/savings-accounts/online-saver/?pid=sav-prodrec-t-perba-06-21-acq-ols,https://www.anz.com.au/content/anzcomau/en/target/recommendations/ba-product-images/ols/_jcr_content/anz_default_par/columns/anz_default_par1/textimage/image.img.320.medium.jpg/1617833783088.jpg,https://www.anz.com.au/content/anzcomau/en/target/recommendations/ba-product-images/ols/_jcr_content/anz_default_par/columns/anz_default_par1/textimage/,,,,,,y
dda-pt,ANZ Access Advantage,,,,,https://www.anz.com.au/personal/bank-accounts/everyday-accounts/access-advantage/,,,y,FEATURED PRODUCT,#/generic-offers?name=ANZAccessAdvantageLanding&pid=tra-ibrec-t-ibpao-08-21-acq-accessadvantagelearnmore&sid=po,https://www.anz.com.au/personal/bank-accounts/everyday-accounts/access-advantage/?pid=tra-ibrec-t-ibpao-08-21-acq-accessadvantagelearnmore,Learn more,#/access-advantage?pid=tra-ibrec-t-ibpao-03-21-acq-accessadvantageapply&sid=po,https://applyonline.anz.com/dsr-dep/deposits/apply?pid=tra-ibrec-t-ibpao-12-21-acq-aavdsuperchargeapply&apptype=AA&sourcecode_1=QID,Apply now,"Includes unlimited ANZ Transactions, an ANZ Visa Debit card and access to ANZ App features. T&Cs apply.",https://www.anz.com.au/content/dam/anzcomau/images/bank-accounts/woman-opening-package-ib-promo-tile.jpg,"[""R1CNE"",""R1SBE"",""r1cne"",""r1sbe""]","Everything you need from an everyday transaction account to use, move and manage your money easily.",https://www.anz.com.au/personal/bank-accounts/everyday-accounts/access-advantage/?pid=tra-prodrec-t-perba-06-21-acq-aavd,https://www.anz.com.au/content/anzcomau/en/target/recommendations/ba-product-images/access-advantage/_jcr_content/anz_default_par/columns/anz_default_par1/textimage/image.img.320.medium.jpg/1617833488317.jpg,https://www.anz.com.au/content/anzcomau/en/target/recommendations/ba-product-images/access-advantage/_jcr_content/anz_default_par/columns/anz_default_par1/textimage/,,,,,,y
dda-sa,ANZ Progress Saver,,,,,https://www.anz.com.au/personal/bank-accounts/savings-accounts/progress-saver/,,,y,FEATURED PRODUCT,#/generic-offers?name=ANZProgressSaverLanding&pid=sav-ibrec-t-ibpao-03-21-acq-progsaverlearnmore&sid=po,https://www.anz.com.au/personal/bank-accounts/savings-accounts/progress-saver/?pid=sav-ibrec-t-ibpao-03-21-acq-progsaverlearnmore,Learn more,#/progress-saver?pid=sav-ibrec-t-ibpao-03-21-acq-progsaverapply&sid=po,https://applyonline.anz.com/dsr-dep/deposits/apply?pid=sav-ibrec-t-ibpao-03-21-acq-progsaverapply&apptype=PS&sourcecode_1=PI03,Apply now,You could be rewarded with bonus interest for regular savings of $10 or more and no withdrawals in a month.,https://www.anz.com.au/content/dam/anzcomau/images/bank-accounts/couple-with-dog-pgs-ib-promo-tile.jpg,"[""R1CNE"",""R1SBE"",""r1cne"",""r1sbe""]",You could be rewarded with bonus interest for regular savings of $10 or more and no withdrawals in a month.,https://www.anz.com.au/personal/bank-accounts/savings-accounts/progress-saver/?pid=sav-prodrec-t-perba-06-21-acq-pgs,https://www.anz.com.au/content/anzcomau/en/target/recommendations/ba-product-images/pgs/_jcr_content/anz_default_par/columns/anz_default_par1/textimage/image.img.320.medium.jpg/1617833982739.jpg,https://www.anz.com.au/content/anzcomau/en/target/recommendations/ba-product-images/pgs/_jcr_content/anz_default_par/columns/anz_default_par1/textimage/,,,,,,y
dda-sa-kids,ANZ Progress Saver for Kids,,,,,https://www.anz.com.au/personal/bank-accounts/savings-accounts/kids-banking/,,,n,FEATURED PRODUCT,https://www.anz.com.au/personal/bank-accounts/savings-accounts/kids-banking/?pid=sav-ibrec-t-ibpao-03-21-acq-kidsbankinglearnmore,,Learn more,https://www.anz.com.au/personal/bank-accounts/savings-accounts/kids-banking/?pid=sav-ibrec-t-ibpao-03-21-acq-kidsbankingapply#howtoapply,,Apply now,"With an ANZ Progress Saver account, help your kids get started and learn good saving habits today.",https://www.anz.com.au/content/dam/anzcomau/images/bank-accounts/father-daughter-at-play-ib-promo-tile.jpg,"[""R1CNE"",""R1SBE"",""RAGE"",""BASE"",""B2SIGN"",""B2SUSI"",""B2OPER"",""CSO"",""r1cne"",""r1sbe"",""rage"",""base"",""b2sign"",""b2susi"",""b2oper"",""cso""]","With an ANZ Progress Saver account, help your kids get started and learn good saving habits today.",https://www.anz.com.au/personal/bank-accounts/savings-accounts/kids-banking/?pid=sav-prodrec-t-perba-06-21-acq-kidssaving,https://www.anz.com.au/content/anzcomau/en/target/recommendations/ba-product-images/pgs-kids/_jcr_content/anz_default_par/columns/anz_default_par1/textimage/image.img.320.medium.jpg/1617834068146.jpg,https://www.anz.com.au/content/anzcomau/en/target/recommendations/ba-product-images/pgs-kids/_jcr_content/anz_default_par/columns/anz_default_par1/textimage/,,,,,,y
ils-pl-fix,ANZ Fixed Rate Personal Loan,,,,,https://www.anz.com.au/personal/personal-loans/fixed-rate/,,,y,PERSONAL LOANS,https://www.anz.com.au/personal/personal-loans/fixed-rate/?pid=pel-ibrec-t-ibpao-10-24-acq-lafcashbackfix,,Learn more,&,,&,"Get $250 cashback + $150 Loan Approval Fee Waiver with an ANZ Personal Loan. T&Cs, eligibility, assessment criteria apply.",https://www.anz.com.au/content/dam/anzcomau/images/personal-loans/pl-smiling-girl-getting-car-key-inpage-banner.jpg,"[""R1CNE"",""R1SBE"",""RAGE"",""BASE"",""B2SIGN"",""B2SUSI"",""B2OPER"",""CSO"",""r1cne"",""r1sbe"",""rage"",""base"",""b2sign"",""b2susi"",""b2oper"",""cso""]",,,,,,,,,,
ils-pl-var,ANZ Variable Rate Personal Loan,,,,,https://www.anz.com.au/personal/personal-loans/variable-rate/,,,y,PERSONAL LOANS,https://www.anz.com.au/personal/personal-loans/variable-rate/?pid=pel-ibrec-t-ibpao-10-24-acq-lafcashbackvar,,Learn more,&,,&,"Get $250 cashback + $150 Loan Approval Fee Waiver with an ANZ Personal Loan. T&Cs, eligibility, assessment criteria apply",https://www.anz.com.au/content/dam/anzcomau/images/personal-loans/pl-girl-in-beach-ib-home.jpg,"[""R1CNE"",""R1SBE"",""RAGE"",""BASE"",""B2SIGN"",""B2SUSI"",""B2OPER"",""CSO"",""r1cne"",""r1sbe"",""rage"",""base"",""b2sign"",""b2susi"",""b2oper"",""cso""]",,,,,,,,,,
ils-pl-cat,ANZ Personal Loans,personal,,,,https://www.anz.com.au/personal/personal-loans/,,,n,PERSONAL LOANS,https://www.anz.com.au/personal/personal-loans/?pid=pel-ibrec-t-ibpao-03-21-acq-personaloanlearnmore,,Learn more,&,,&,"Fixed or variable interest rate, the choice is yours. Credit criteria and T&Cs apply.",https://www.anz.com.au/content/dam/anzcomau/images/personal-loans/iboffer/couple-laying-down-hugging-ib-promo-tile.jpg,"[""R1CNE"",""R1SBE"",""RAGE"",""BASE"",""B2SIGN"",""B2SUSI"",""B2OPER"",""CSO"",""r1cne"",""r1sbe"",""rage"",""base"",""b2sign"",""b2susi"",""b2oper"",""cso""]",,,,,,,,,,
ils-pl-cat-car,Drive away with an ANZ Personal Loan,personal,,,,https://www.anz.com.au/personal/personal-loans/car-loans/,,,n,PERSONAL LOANS,https://www.anz.com.au/personal/personal-loans/car-loans/?pid=pel-ibrec-t-ibpao-03-21-acq-plcarloanlearnmore,,Learn more,&,,&,"Whether you've got your eye on your first car or an upgrade for your family, an ANZ Personal Loan could get you to where you're going. Credit criteria and T&Cs apply.",https://www.anz.com.au/content/dam/anzcomau/images/personal-loans/iboffer/couple-driving-car-map-ib-promo-tile.jpg,"[""R1CNE"",""R1SBE"",""RAGE"",""BASE"",""B2SIGN"",""B2SUSI"",""B2OPER"",""CSO"",""r1cne"",""r1sbe"",""rage"",""base"",""b2sign"",""b2susi"",""b2oper"",""cso""]",,,,,,,,,,
ils-pl-cat-debt,Consolidate your debts with an ANZ Personal Loan,personal,,,,https://www.anz.com.au/personal/personal-loans/debt-consolidation/,,,n,PERSONAL LOANS,https://www.anz.com.au/personal/personal-loans/debt-consolidation/?pid=pel-ibrec-t-ibpao-03-21-acq-pldebtloanlearnmore,,Learn more,&,,&,Consolidating your existing debts with an ANZ Personal Loan could help you simplify your finances. Credit criteria and T&Cs apply.,https://www.anz.com.au/content/dam/anzcomau/images/personal-loans/iboffer/couple-eating-watermelon-ib-promo-tile.jpg,"[""R1CNE"",""R1SBE"",""RAGE"",""BASE"",""B2SIGN"",""B2SUSI"",""B2OPER"",""CSO"",""r1cne"",""r1sbe"",""rage"",""base"",""b2sign"",""b2susi"",""b2oper"",""cso""]",,,,,,,,,,
bus-ln-obl,ANZ GoBiz - easy online business loans,business,,,,,,,n,FEATURED PRODUCT,https://www.anz.com.au/business/loans-finance/online-business-lending/?pid=sbb-ibrec-t-ibpao-05-21-acq-gobizlearnmore,,See ANZ GoBiz,&,,&,"Easily apply online for business finance and get conditional approval, if eligible, in just 20 minutes.",https://www.anz.com.au/content/dam/anzcomau/images/business/internet-banking/ib-xf-images/bo-gobiz-ib-promo-tile-bottom.jpg,"[""R1CNE"",""R1SBE"",""RAGE"",""BASE"",""B2SIGN"",""B2SUSI"",""B2OPER"",""CSO"",""r1cne"",""r1sbe"",""rage"",""base"",""b2sign"",""b2susi"",""b2oper"",""cso""]",,,,,,,,,,
bus-ln-cat,ANZ Business Loans and Overdrafts,business,,,,,,,n,FEATURED PRODUCT,https://www.anz.com.au/business/loans-finance/?pid=sbb-ibrec-t-ibpao-05-21-acq-anzbusloanodlearnm,,Learn more,&,,&,Explore our range of flexible business lending solutions to help grow or manage your business.,https://www.anz.com.au/content/dam/anzcomau/images/business/internet-banking/ib-xf-images/bo-loans-overdrafts-ib-promo-tile-bottom.jpg,"[""R1CNE"",""R1SBE"",""RAGE"",""BASE"",""B2SIGN"",""B2SUSI"",""B2OPER"",""CSO"",""r1cne"",""r1sbe"",""rage"",""base"",""b2sign"",""b2susi"",""b2oper"",""cso""]",,,,,,,,,,
ils-hl-fix,ANZ Fixed Rate Home Loan,,,,,https://www.anz.com.au/personal/home-loans/compare-home-loan/fixed-rate/,,,y,HOME LOANS,https://www.anz.com.au/personal/home-loans/compare-home-loan/fixed-rate/?pid=mor-ibrec-t-ibpao-03-21-acq-fixedrate,,Learn more,https://www.anz.com.au/personal/home-loans/get-started/apply-home-loan/?pid=mor-ibrec-t-ibpao-03-21-acq-fixedrate,,Apply online,The certainty of fixed repayments and a low home loan rate for the agreed fixed period.,https://www.anz.com.au/content/dam/anzcomau/images/home-loans/2024/couple-on-couch-IB-promo-tile-bottom.jpg,"[""R1CNE"",""R1SBE"",""RAGE"",""BASE"",""B2SIGN"",""B2SUSI"",""B2OPER"",""CSO"",""r1cne"",""r1sbe"",""rage"",""base"",""b2sign"",""b2susi"",""b2oper"",""cso""]",,,,,,,,,,
ils-hl-sim,ANZ Simplicity PLUS Home Loan,,,,,https://www.anz.com.au/personal/home-loans/compare-home-loan/basic-variable/,,,y,HOME LOANS,https://www.anz.com.au/personal/home-loans/compare-home-loan/basic-variable/?pid=mor-ibrec-t-ibpao-03-21-acq-simplicityplus,,Learn more,https://www.anz.com.au/personal/home-loans/get-started/apply-home-loan/?pid=mor-ibrec-t-ibpao-03-21-acq-simplicityplus,,Apply online,"Keep it simple, with no ongoing fees.",https://www.anz.com.au/content/dam/anzcomau/images/home-loans/2024/child-with-cat-IB-promo-tile-bottom.jpg,"[""R1CNE"",""R1SBE"",""RAGE"",""BASE"",""B2SIGN"",""B2SUSI"",""B2OPER"",""CSO"",""r1cne"",""r1sbe"",""rage"",""base"",""b2sign"",""b2susi"",""b2oper"",""cso""]",,,,,,,,,,
ils-hl-var,ANZ Standard Variable Home Loan,,,,,https://www.anz.com.au/personal/home-loans/compare-home-loan/standard-variable-rate/,,,y,HOME LOANS,https://www.anz.com.au/personal/home-loans/compare-home-loan/standard-variable-rate/?pid=mor-ibrec-t-ibpao-03-21-acq-standardvariable,,Learn more,https://www.anz.com.au/personal/home-loans/get-started/apply-home-loan/?pid=mor-ibrec-t-ibpao-03-21-acq-standardvariable,,Apply online,"Get the flexibility you need with a home loan full of features, so you can react to changes in your circumstances.",https://www.anz.com.au/content/dam/anzcomau/images/home-loans/2024/dad-daught-kitchen-IB-promo-tile-bottom.jpg,"[""R1CNE"",""R1SBE"",""RAGE"",""BASE"",""B2SIGN"",""B2SUSI"",""B2OPER"",""CSO"",""r1cne"",""r1sbe"",""rage"",""base"",""b2sign"",""b2susi"",""b2oper"",""cso""]",,,,,,,,,,
dda-et,ANZ Share Investing,,,,,,,,n,FEATURED PRODUCT,https://www.anz.com.au/personal/investing-super/online-share-investing/?pid=inv-ibrec-t-ibpao-03-21-acq-silearnmore,Learn more,https://shareinvestingapp.anz.com/?pid=inv-ibrec-t-ibpao-03-21-acq-siapplynow,Apply now,Set up your share investing account with ANZ today,https://www.anz.com.au/content/dam/anzcomau/images/wealth/share-investing-ib-offer-tile-featured.jpg,,,,,,,,,,,,,
ils-pl-topup,,,,,,,,,n,,,,,,,,,,,,,,,,,,,,
bus-cc-blk,ANZ Business Black,,,,,,,,n,,,,,,,,,,,,,,,,,,,,
bus-cc-intfree,ANZ Business 55 Interest Free Days,,,,,,,,n,,,,,,,,,,,,,,,,,,,,
bus-cc-lowrt,ANZ Business Low Rate,,,,,,,,n,,,,,,,,,,,,,,,,,,,,
bus-cc-rewopt,ANZ Business Rewards Options,,,,,,,,n,,,,,,,,,,,,,,,,,,,,
bus-sav-ols,ANZ Business Online Saver,,,,,,,,n,,,,,,,,,,,,,,,,,,,,
bus-sav-td,ANZ Business Notice Term Deposit,,,,,https://www.anz.com.au/business/products/accounts/savings-accounts/business-term-deposit/,,,n,,https://www.anz.com.au/business/products/accounts/savings-accounts/business-term-deposit/?pid=sbb-ibb-td-ib-09-19-acq-busnoticetermdeposit,,Learn more,https://www.anz.com.au/business/accounts/savings-accounts/business-term-deposit/enquiry/,,Enquire now,"Invest from $5,000 in a term of your choice, with the security of guaranteed returns.",https://aemconlive1-anzcomv2-vcade-nonprod-501-public.m1.nonprod.w50v35m6fl.com/content/dam/ib/images/ib-online-saver-featured.jpg,,,,,,,,,,,
bus-tx-busadv,ANZ Business Advantage,,,,,,,,n,,,,,,,,,,,,,,,,,,,,
bus-tx-busext,ANZ Business Extra,,,,,,,,n,,,,,,,,,,,,,,,,,,,,
bus-tx-busess,ANZ Business Essentials,,,,,https://www.anz.com.au/business/accounts/transaction-accounts/business-essentials/,,,y,NEW PRODUCT,https://www.anz.com.au/business/accounts/transaction-accounts/business-essentials/?pid=sbb-ibrec-t-ibpao-07-21-acq-anzbusesslearnm,,Learn more,&,,&,A straightforward business account with all the essential features and no monthly service fee.,https://www.anz.com.au/content/dam/anzcomau/images/business/internet-banking/ib-xf-images/bo-business-essentials-ib-promo-tile-bottom.jpg,"[""R1CNE"",""R1SBE"",""RAGE"",""BASE"",""B2SIGN"",""B2SUSI"",""B2OPER"",""CSO"",""r1cne"",""r1sbe"",""rage"",""base"",""b2sign"",""b2susi"",""b2oper"",""cso""]",,,,,,,,,,
cc-ff,ANZ Frequent Flyer,,,,,https://www.anz.com.au/personal/credit-cards/frequent-flyer/card/,,,n,&,https://www.anz.com.au/promo/personal/credit-cards/ib-frequent-flyer?pid=crc-ibr-td-ib-09-19-acq-anzff,,Learn more,&,,&,Earn more Qantas Points14 on everyday purchases with complimentary insurances3 and Personal Concierge,&,,,,,,Earn Qantas points on your everyday purchases. Credit criteria and T&Cs apply.,"Discover the ANZ Frequent Flyer card<span style=""white-space: nowrap;"">",https://www.anz.com.au/personal/credit-cards/frequent-flyer/card/?pid=crc-prodrec-t-percc-05-21-acq-anzff,https://www.anz.com.au/content/anzcomau/en/target/recommendations/cc-card-images/frequent-flyer/_jcr_content/anz_default_par/columns/anz_default_par1/textimage/image.img.full.high.jpg/1620968707152.jpg,https://www.anz.com.au/content/anzcomau/en/target/recommendations/cc-card-images/frequent-flyer/_jcr_content/anz_default_par/columns/anz_default_par1/textimage/,y
cc-ff-plt,ANZ Frequent Flyer Platinum credit card,,,,,https://www.anz.com.au/personal/credit-cards/frequent-flyer/platinum/,,,y,NEW CREDIT CARD OFFER,https://www.anz.com.au/personal/credit-cards/frequent-flyer/platinum/?pid=crc-ibo-t-ibpao-08-23-acq-affpltoffer,,Learn more,&,,&,"Earn 75,000 bonus Qantas Points + $100 back to your new ANZ Frequent Flyer Platinum card when you spend $2,500 on eligible purchases in the first 3 months from approval. T&Cs, eligibility criteria, fees & charges apply (including an annual fee, currently $295).",https://anz.com.au/content/dam/anzcomau/images/credit-cards/ib-promo-tiles/po-lower/anz-frequent-flyer-platinum-white-bgd-ib-promo-tile.jpg,"[""R1CNE"",""R1SBE"",""RAGE"",""BASE"",""B2SIGN"",""B2SUSI"",""B2OPER"",""CSO"",""r1cne"",""r1sbe"",""rage"",""base"",""b2sign"",""b2susi"",""b2oper"",""cso""]",,,,,Earn more Qantas Points on everyday purchases with complimentary insurances and Personal Concierge. Credit criteria and T&Cs apply.,"Discover the ANZ Frequent Flyer Platinum card<span style=""white-space: nowrap;"">",https://www.anz.com.au/personal/credit-cards/frequent-flyer/platinum/?pid=crc-prodrec-t-percc-05-21-acq-anzffp,https://www.anz.com.au/content/anzcomau/en/target/recommendations/cc-card-images/frequent-flyer-platinum/_jcr_content/anz_default_par/columns/anz_default_par1/textimage/image.img.full.high.jpg/1620968451465.jpg,https://www.anz.com.au/content/anzcomau/en/target/recommendations/cc-card-images/frequent-flyer-platinum/_jcr_content/anz_default_par/columns/anz_default_par1/textimage/,y
cc-laf-fst,ANZ First credit card,,,,,https://www.anz.com.au/personal/credit-cards/low-annual-fee/first/,,,y,NEW CREDIT CARD OFFER,https://www.anz.com.au/personal/credit-cards/low-annual-fee/first/?pid=crc-ibrec-t-ibpao-12-23-acq-firstoffer,,See ANZ First,&,,&,"Enjoy $125 back to your new ANZ First card when you spend $750 on eligible purchases in the first 3 months from approval. Plus, get a $0 annual fee in the first year (currently $30 thereafter). T&Cs, eligibility criteria, fees and charges apply (including an annual fee, currently $30).",https://anz.com.au/content/dam/anzcomau/images/credit-cards/ib-promo-tiles/po-lower/anz-first-white-bgd-ib-promo-tile.jpg,"[""R1CNE"",""R1SBE"",""r1cne"",""r1sbe""]",,,,,A simple everyday credit card with a low ongoing annual fee. Credit criteria and T&Cs apply.,"Discover the ANZ First card<span style=""white-space: nowrap;"">",https://www.anz.com.au/personal/credit-cards/low-annual-fee/first/?pid=crc-prodrec-t-percc-05-21-acq-anzfirst,https://www.anz.com.au/content/anzcomau/en/target/recommendations/cc-card-images/anz-first/_jcr_content/anz_default_par/columns/anz_default_par1/textimage/image.img.full.high.jpg/1620969146274.jpg,https://www.anz.com.au/content/anzcomau/en/target/recommendations/cc-card-images/anz-first/_jcr_content/anz_default_par/columns/anz_default_par1/textimage/,y
cc-laf-plt,ANZ Platinum credit card,,,,,https://www.anz.com.au/personal/credit-cards/low-annual-fee/platinum/,,,y,NEW CREDIT CARD OFFER,https://www.anz.com.au/personal/credit-cards/low-annual-fee/platinum/?pid=crc-ibrec-t-ibpao-12-24-acq-lfplatoffer,,See ANZ Platinum,&,,&,"Enjoy $100 back to your new ANZ Platinum card when you spend $2,000 on eligible purchases in the first 3 months from approval. T&Cs, eligibility criteria, fees and charges apply (including an annual fee, $0 for the first year, currently $87 thereafter).",https://anz.com.au/content/dam/anzcomau/images/credit-cards/ib-promo-tiles/po-lower/anz-platinum-white-bgd-ib-promo-tile.jpg,"[""R1CNE"",""R1SBE"",""r1cne"",""r1sbe""]",,,,,A simple everyday credit card with $0 annual fee in the first year and complimentary insurances. Credit criteria and T&Cs apply.,"Discover the ANZ Platinum card<span style=""white-space: nowrap;"">",https://www.anz.com.au/personal/credit-cards/low-annual-fee/platinum/?pid=prodrec-t-percc-05-21-acq-anzplatinum,https://www.anz.com.au/content/anzcomau/en/target/recommendations/cc-card-images/anz-platinum/_jcr_content/anz_default_par/columns/anz_default_par1/textimage/image.img.full.high.jpg/1620969190053.jpg,https://www.anz.com.au/content/anzcomau/en/target/recommendations/cc-card-images/anz-platinum/_jcr_content/anz_default_par/columns/anz_default_par1/textimage/,y
cc-rw,ANZ Rewards credit card,,,,,https://www.anz.com.au/personal/credit-cards/rewards/card/,,,n,NEW CREDIT CARD OFFER,https://www.anz.com.au/personal/credit-cards/rewards/card/?pid=crc-ibrec-t-ibpao-07-22-acq-rwoffer,,See ANZ Rewards,&,,&,"Have the flexibility to redeem Reward Points for exciting rewards like gift cards and cashback. T&Cs, eligibility criteria, fees & charges (incl. annual fee, currently $80) apply.",https://www.anz.com.au/content/dam/anzcomau/images/credit-cards/ib-promo-tiles/rewards-classic-ib-promo-tile.png,"[""R1CNE"",""R1SBE"",""RAGE"",""BASE"",""B2SIGN"",""B2SUSI"",""B2OPER"",""CSO"",""r1cne"",""r1sbe"",""rage"",""base"",""b2sign"",""b2susi"",""b2oper"",""cso""]",,,,,Be rewarded for your everyday purchases and have the flexibility to redeem points for rewards ranging from gift cards to cashback and travel. Credit criteria and T&Cs apply.,"Discover the ANZ Rewards card<span style=""white-space: nowrap;"">",https://www.anz.com.au/personal/credit-cards/rewards/card/?pid=crc-prodrec-t-percc-05-21-acq-anzrewards,https://www.anz.com.au/content/anzcomau/en/target/recommendations/cc-card-images/rewards/_jcr_content/anz_default_par/columns/anz_default_par1/textimage/image.img.full.high.jpg/1620968993565.jpg,https://www.anz.com.au/content/anzcomau/en/target/recommendations/cc-card-images/rewards/_jcr_content/anz_default_par/columns/anz_default_par1/textimage/,y
cc-rw-blk,ANZ Rewards Black credit card,,,,,https://www.anz.com.au/personal/credit-cards/rewards/black/,,,y,NEW CREDIT CARD OFFER,https://www.anz.com.au/personal/credit-cards/rewards/black/?pid=crc-ibrec-t-ibpao-05-23-acq-rwblacklearnmore,,Learn more,&,,&,"Earn 180,000 extra ANZ Reward Points and $150 back to your new card when you spend $3,000 on eligible purchases in the first 3 months from approval. New Rewards card. T&Cs, eligibility criteria, fees and charges apply (including an annual fee, currently $375).",https://anz.com.au/content/dam/anzcomau/images/credit-cards/ib-promo-tiles/po-lower/anz-rewards-black-white-bgd-ib-promo-tile.jpg,"[""R1CNE"",""R1SBE"",""RAGE"",""BASE"",""B2SIGN"",""B2SUSI"",""B2OPER"",""CSO"",""r1cne"",""r1sbe"",""rage"",""base"",""b2sign"",""b2susi"",""b2oper"",""cso""]",,,,,"Our highest Rewards Points earning potential, uncapped flexible rewards, plus access to exclusive events and privileges. Credit criteria and T&Cs apply.","Discover the ANZ Rewards Black card<span style=""white-space: nowrap;"">",https://www.anz.com.au/personal/credit-cards/rewards/black/?pid=prodrec-t-percc-05-21-acq-anzrwb,https://www.anz.com.au/content/anzcomau/en/target/recommendations/cc-card-images/rewards-black/_jcr_content/anz_default_par/columns/anz_default_par1/textimage/image.img.full.high.jpg/1620969093587.jpg,https://www.anz.com.au/content/anzcomau/en/target/recommendations/cc-card-images/rewards-black/_jcr_content/anz_default_par/columns/anz_default_par1/textimage/,y
cc-rw-plt,ANZ Rewards Platinum credit card,,,,,https://www.anz.com.au/personal/credit-cards/rewards-platinum/,,,y,NEW CREDIT CARD OFFER,https://www.anz.com.au/personal/credit-cards/rewards-platinum/?pid=crc-ibrec-t-ibpao-11-24-acq-rwplatlearnmore,,Learn more,&,,&,"Earn 100,000 extra ANZ Rewards Points and $50 back to your new card when you spend $2,000 on eligible purchases in the first 3 months from approval. New Rewards card. T&Cs, eligibility criteria, fees & charges apply (including annual fee, currently $149).",https://anz.com.au/content/dam/anzcomau/images/credit-cards/ib-promo-tiles/po-lower/anz-rewards-platinum-white-bgd-ib-promo-tile.jpg,"[""R1CNE"",""R1SBE"",""RAGE"",""BASE"",""B2SIGN"",""B2SUSI"",""B2OPER"",""CSO"",""r1cne"",""r1sbe"",""rage"",""base"",""b2sign"",""b2susi"",""b2oper"",""cso""]",,,,,Be rewarded for your everyday purchases and access a flexible Rewards program with complimentary insurances and Personal Concierge. Credit criteria and T&Cs apply.,"Discover the ANZ Rewards Platinum card<span style=""white-space: nowrap;"">",https://www.anz.com.au/personal/credit-cards/rewards/platinum/?pid=prodrec-t-percc-05-21-acq-anzrwp,https://www.anz.com.au/content/anzcomau/en/target/recommendations/cc-card-images/rewards-platinum/_jcr_content/anz_default_par/columns/anz_default_par1/textimage/image.img.full.high.jpg/1620969050874.jpg,https://www.anz.com.au/content/anzcomau/en/target/recommendations/cc-card-images/rewards-platinum/_jcr_content/anz_default_par/columns/anz_default_par1/textimage/,y
cc-rw-ta,ANZ Rewards Travel Adventures credit card,,,,,https://www.anz.com.au/personal/credit-cards/rewards/travel-adventures/,,,n,NEW CREDIT CARD OFFER,https://www.anz.com.au/personal/credit-cards/rewards/travel-adventures/?pid=crc-ibrec-t-ibpao-07-22-acq-artaoffer,,Learn more,&,,&,"Earn 40,000 extra Reward Points when you spend $1,000 on eligible purchases in first 3 months from Letter of Offer. Plus, a $0 Overseas Transaction Fee on purchases. T&Cs, elig crit, fees & charges (incl. annual fee, currently $120) apply.",https://www.anz.com.au/content/dam/anzcomau/images/credit-cards/ib-promo-tiles/rewards-travel-adventures-ib-promo-tile.png,"[""R1CNE"",""R1SBE"",""RAGE"",""BASE"",""B2SIGN"",""B2SUSI"",""B2OPER"",""CSO"",""r1cne"",""r1sbe"",""rage"",""base"",""b2sign"",""b2susi"",""b2oper"",""cso""]",,,,,,,,,,
cda-antd,ANZ Advance Notice Term Deposit,,,,,https://www.anz.com.au/personal/bank-accounts/term-deposits/advance-notice/,,,y,FEATURED PRODUCT,#/generic-offers?name=ANZAdvanceNoticeTermDepositLanding&pid=tra-ibrec-t-ibpao-12-21-acq-antdlearnmore&sid=po,,Learn more,&,,&,Provides a fixed rate of return over the investment term. T&Cs apply.,https://www.anz.com.au/content/dam/anzcomau/images/bank-accounts/ib-products-offers/ib-bottom-advance-notice-term-deposit-man-gardening-promo-tile.jpg,"[""R1CNE"",""R1SBE"",""RAGE"",""BASE"",""B2SIGN"",""B2SUSI"",""B2OPER"",""CSO"",""r1cne"",""r1sbe"",""rage"",""base"",""b2sign"",""b2susi"",""b2oper"",""cso""]",Provides a fixed rate of return over the investment term. T&Cs apply.,https://www.anz.com.au/personal/bank-accounts/term-deposits/advance-notice/?pid=sav-prodrec-t-perba-06-21-acq-antd,https://www.anz.com.au/content/anzcomau/en/target/recommendations/ba-product-images/antd/_jcr_content/anz_default_par/columns/anz_default_par1/textimage/image.img.320.medium.jpg/1617834132220.jpg,https://www.anz.com.au/content/anzcomau/en/target/recommendations/ba-product-images/antd/_jcr_content/anz_default_par/columns/anz_default_par1/textimage/,,,,,,y
cda-sntd,ANZ Term Deposit,,,,,https://www.anz.com.au/personal/bank-accounts/term-deposits/anz-term-deposit/,,,y,FEATURED PRODUCT,#/generic-offers?name=ANZTermDepositLanding&pid=sav-ibrec-t-ibpao-12-21-acq-termdepositlearnmore&sid=po,,Learn more,&,,&,Provides a fixed rate of interest over the investment term. T&Cs apply.,https://www.anz.com.au/content/dam/anzcomau/images/bank-accounts/ib-products-offers/ib-bottom-term-deposit-dog-couple-park-promo-tile.jpg,"[""R1CNE"",""R1SBE"",""RAGE"",""BASE"",""B2SIGN"",""B2SUSI"",""B2OPER"",""CSO"",""r1cne"",""r1sbe"",""rage"",""base"",""b2sign"",""b2susi"",""b2oper"",""cso""]",Provides a fixed rate of interest over the investment term. T&Cs apply.,https://www.anz.com.au/personal/bank-accounts/term-deposits/anz-term-deposit/?pid=sav-prodrec-t-perba-06-21-acq-td,https://www.anz.com.au/content/anzcomau/en/target/recommendations/ba-product-images/term-deposit/_jcr_content/anz_default_par/columns/anz_default_par1/textimage/image.img.320.medium.jpg/1617834216506.jpg,https://www.anz.com.au/content/anzcomau/en/target/recommendations/ba-product-images/term-deposit/_jcr_content/anz_default_par/columns/anz_default_par1/textimage/,,,,,,y
dda-eb,ANZ Premium Cash Management Account,,,,,https://www.anz.com.au/personal/bank-accounts/savings-accounts/premium-cash-management/,,,y,FEATURED PRODUCT,https://www.anz.com.au/personal/bank-accounts/savings-accounts/premium-cash-management/?pid=sav-ibrec-t-ibpao-12-21-acq-pcmalearnmore,,Learn more,&,,&,Provides for management of investment cash flow or the ability to hold money until the next investment. Also provides the ability earn tiered interest. T&Cs apply.,https://www.anz.com.au/content/dam/anzcomau/images/bank-accounts/ib-products-offers/ib-bottom-pcm-man-in-kitchen-with-laptop-promo-tile.jpg,"[""R1CNE"",""R1SBE"",""RAGE"",""BASE"",""B2SIGN"",""B2SUSI"",""B2OPER"",""CSO"",""r1cne"",""r1sbe"",""rage"",""base"",""b2sign"",""b2susi"",""b2oper"",""cso""]",Provides for management of investment cash flow or the ability to hold money until the next investment. Also provides the ability earn tiered interest. T&Cs apply.,https://www.anz.com.au/personal/bank-accounts/savings-accounts/premium-cash-management/?pid=sav-prodrec-t-perba-06-21-acq-pcma,https://www.anz.com.au/content/anzcomau/en/target/recommendations/ba-product-images/pcma/_jcr_content/anz_default_par/columns/anz_default_par1/textimage/image.img.320.medium.jpg/1617834275028.jpg,https://www.anz.com.au/content/anzcomau/en/target/recommendations/ba-product-images/pcma/_jcr_content/anz_default_par/columns/anz_default_par1/textimage/,,,,,,y
dda-et-ln,ANZ Share Investment Loan,,,,,,,,n,,,,,,,,,&,,,,,,,,,,,
dda-od-ass,ANZ Assured,,,,,https://www.anz.com.au/personal/personal-loans/overdrafts/assured/,,,n,,https://www.anz.com.au/personal/personal-loans/overdrafts/assured/?pid=pel-ibr-td-ib-01-20-acq-assured,,Learn more,https://www.anz.com/personal/personal-loans/forms/assured-application/?pid=pel-ibr-td-ib-01-20-acq-assuredapply,,Apply now,"A credit limit of either $500 or $1,000 on your eligible ANZ everyday account could help to cover unexpected cash shortfalls.",&,,,,,,,,,,,
dda-od-per,ANZ Personal Overdraft,,,,,https://www.anz.com.au/personal/personal-loans/overdrafts/personal-overdraft/,,,n,,https://www.anz.com.au/personal/personal-loans/overdrafts/personal-overdraft/,,Learn more,,,,"The Personal Overdraft on your eligible ANZ everyday account provides you with credit of $1,000 or more (up to an approved limit) to be used whenever you need it.",&,,,,,,,,,,,
ins-c-c,ANZ Car Insurance,,,,,,,,n,,,,,,,,,,,,,,,,,,,,
ins-h-c,ANZ Contents Insurance,,,,,,,,n,,,,,,,,,,,,,,,,,,,,
ins-h-hc,ANZ Home and Contents Insurance,,,,,https://www.anz.com.au/personal/insurance/home-insurance/home-contents-insurance/,,,n,GET A QUOTE,https://www.anz.com.au/personal/insurance/home-insurance/home-contents-insurance/?pid=pro-ibr-td-ib-01-20-acq-homecontentsins&TCID=IBINSHME,,Learn more,https://www.onepath.com.au/EPR/ANZStart.aspx?cid=1E7F639C-3194-4FA5-8CD3-A60DC063E8C1&TCID=IBINSHME_OLA,,Quote or Apply,Ideal for home owners. Get flexible cover with either buildings and/or contents insurance.,https://aemconlive1-anzcomv2-vcade-nonprod-501-public.m1.nonprod.w50v35m6fl.com/content/dam/ib/images/ib-personal-loans-featured.jpg,,,,,,,,,,,
ins-h-l,ANZ Landlord Insurance,,,,,,,,n,,,,,,,,,,,,,,,,,,,,
ins-l-l,Ezicover Life Insurance,,,,,https://www.anz.com.au/personal/insurance/life/life-insurance/,,,n,,https://www.anz.com.au/personal/insurance/life/life-insurance/?pid=pro-ibr-td-ib-01-20-acq-lifeinsurance&TCID=IBINSLI,,Learn more,https://www.onepath.com.au/EPR/ANZStart.aspx?cid=A2E9EBDE-0BE0-4673-9283-C53A3B03904E&TCID=IBINSLI_OLA,,Quote or Apply,"You never know what tomorrow may bring, but with ANZ Life Insurance, you can continue to look after your loved ones even if you aren't there.",https://aemconlive1-anzcomv2-vcade-nonprod-501-public.m1.nonprod.w50v35m6fl.com/content/dam/ib/images/ib-prog-saver-featured.jpg,,,,,,,,,,,
ins-l-ip,Ezicover Income Protection Insurance,,,,,,,,n,,,,,,,,,,,,,,,,,,,,
ssi-pen,ANZ Smart Choice Pension,,,,,,,,n,,,,,,,,,https://aemconlive1-anzcomv2-vcade-nonprod-501-public.m1.nonprod.w50v35m6fl.com/content/dam/ib/images/ib-smart-choice-super-featured.jpg,,,,,,,,,,,
ssi-sup,ANZ Smart Choice Super,,,,,https://www.anz.com.au/personal/investing-super/superannuation/smart-choice-super/,,,y,FEATURED PRODUCT,https://www.anz.com.au/personal/investing-super/superannuation/smart-choice-super/?pid=inv-ibrec-t-ibpao-05-21-acq-smslearn,,Learn more,&,,&,One login for your banking and super. See your super balance next to your other ANZ accounts in our app and online. So it's easy to keep on top of your super.,https://www.anz.com.au/content/dam/anzcomau/images/wealth/ib-products-offers/ib-bottom-smart-choice-super-promo-tile.jpg,"[""R1CNE"",""R1SBE"",""RAGE"",""BASE"",""B2SIGN"",""B2SUSI"",""B2OPER"",""CSO"",""r1cne"",""r1sbe"",""rage"",""base"",""b2sign"",""b2susi"",""b2oper"",""cso""]",,,,,,,,,,
dda-txn-vd,ANZ Visa Debit,,,,,,,,n,,,,,,,,,,,Get an ANZ Visa Debit card with an eligible ANZ everyday account so you can use your own money to make purchases.,https://www.anz.com.au/personal/bank-accounts/everyday-accounts/visa-debit-card/?pid=sav-prodrec-t-perba-06-21-acq-visadebit,https://www.anz.com.au/content/anzcomau/en/target/recommendations/ba-product-images/visa-debit/_jcr_content/anz_default_par/columns/anz_default_par1/textimage/image.img.320.medium.jpg/1617833719730.jpg,https://www.anz.com.au/content/anzcomau/en/target/recommendations/ba-product-images/visa-debit/_jcr_content/anz_default_par/columns/anz_default_par1/textimage/,,,,,,y
plus-ba,ANZ Plus,,,,,https://www.anz.com.au/plus/already-with-anz/,,,n,FEATURED PRODUCT,#/productANZPlusApplication?sid=po&entityid=plus-ba&excludeentityids=plus-ba&pid=apd-ibrec-t-ibpao-11-23-acq-newwaybank,,Discover ANZ Plus,&,,&,A new way to bank. Two smart bank accounts in a beautiful new app to help you get more visibility and control over your money.,https://www.anz.com.au/content/dam/anzcomau/images/bank-accounts/ib-products-offers/ib-bottom-anz-plus-card-promo-tile.jpg,"[""R1CNE"",""R1SBE"",""RAGE"",""BASE"",""B2SIGN"",""B2SUSI"",""B2OPER"",""CSO"",""r1cne"",""r1sbe"",""rage"",""base"",""b2sign"",""b2susi"",""b2oper"",""cso""]",,,,,,,,,,
